employee_id,name,department,salary,join_date
101,Ravi Kumar,Engineering,85000,2021-03-15
102,Meera Nair,Engineering,92000,2020-07-01
103,Zara Khan,Marketing,67000,2022-01-10
104,Kabir Singh,Sales,58000,2019-11-20
105,Ana Silva,Engineering,78000,2023-05-05
106,John Lee,Sales,61000,2021-09-12
107,Priya Rao,HR,54000,2020-02-28
108,Tom Becker,Marketing,71000,2022-08-19
109,Fatima Ali,Engineering,99000,2018-06-30
110,Chen Wei,Sales,63000,2023-02-14
111,Grace Osei,HR,57000,2021-12-01
112,Diego Ruiz,Marketing,69000,2020-10-08
